<?xml version="1.0" encoding="UTF-8"?>

<Configuration>
	<Appenders>
		<Console target="SYSTEM_OUT" name="Console">
			<PatternLayout
				pattern="%style{%d{ISO8601}}{black} %highlight{%-5level }[%style{%t}{bright,blue}] %style{%C{1.}}{bright,yellow}: %msg%n%throwable" />
		</Console>
		<RollingFile name="RollingFile"
			filePattern="C:/USK/$${date:yyyy-MM}/application-%d{-dd-MMMM-yyyy}-%i.log.gz"
			fileName="C:/USK/Matrimony-app.log">
			<PatternLayout>
				<pattern>%d %p %C{1.} [%t] %m%n</pattern>
			</PatternLayout>
			<Policies>
				<!-- rollover on startup, daily and when the file reaches 10 MegaBytes -->
				<!-- <OnStartupTriggeringPolicy /> -->
				<SizeBasedTriggeringPolicy size="10 MB" />
				<!-- <TimeBasedTriggeringPolicy /> -->
			</Policies>
		</RollingFile>
	</Appenders>
	<Loggers>
		<!-- LOG everything at INFO level -->
		<Root level="info">
			<AppenderRef ref="Console" />

			<AppenderRef ref="RollingFile" />
		</Root>
		<!-- LOG "com.com*" at TRACE level -->
		<Logger name="com.hcl.matrimonyapplication.api" level="trace" />
	</Loggers>
</Configuration>