{
  "Records": [
    {
      "eventVersion": "2.0",
      "eventSource": "aws:s3",
      "awsRegion": "us-east-1",
      "eventTime": "2014-11-27T21:08:30.487Z",
      "eventName": "ObjectCreated:Put",
      "userIdentity": {
        "principalId": "AWS:AROAI6ZMWVXR3IZ6MKNSW:i-4ff1b7a5"
      },
      "requestParameters": {
        "sourceIPAddress": "54.211.178.99"
      },
      "responseElements": {
        "x-amz-request-id": "F104F805121C9B79",
        "x-amz-id-2": "Lf8hbNPkrhLAT4sHT7iBYFnIdCJTmxcr1ClX93awYfF530O9AijCgja19rk3MyMF"
      },
      "s3": {
        "s3SchemaVersion": "1.0",
        "configurationId": "quickCreateConfig",
        "bucket": {
          "name": "cloudtrail-logs-sst",
          "ownerIdentity": {
            "principalId": "AH42GJUX5WBQT"
          },
          "arn": "arn:aws:s3:::cloudtrail-logs-sst"
        },
        "object": {
          "key": "AWSLogs/475281957812/CloudTrail/us-west-2/2015/04/11/475281957812_CloudTrail_us-west-2_20150411T1435Z_sjFzNpq52sLfuiV7.json.gz",
          "size": 2331,
          "eTag": "63d801bb561037f59f2cb4d1c03c2392"
        }
      }
    }
  ]
}
